token,surprisal
 very,8.37958812713623
 poor,9.022869110107422
 quality,4.913400650024414
 and,4.530127048492432
 expensive,8.5126314163208
!,5.764564037322998
