token,surprisal
ward,14.137707710266113
",",1.9265953302383423
 you,6.0886149406433105
 might,6.654199600219727
 want,3.493351936340332
 to,0.020202919840812683
 clean,11.3832426071167
se,4.6082000732421875
 your,0.9667198657989502
 se,13.936576843261719
len,6.470499038696289
ite,10.494133949279785
 crystal,7.54296350479126
 to,4.984678745269775
 remove,2.6525814533233643
 the,2.7970938682556152
 negative,8.991823196411133
 energy,5.956605911254883
.,2.3773181438446045
