token,surprisal
 onion,17.252084732055664
 and,3.3922152519226074
 bay,10.075932502746582
 leaf,3.007122039794922
.,2.6590960025787354
