token,surprisal
 program,11.444132804870605
 is,2.5865743160247803
 conducted,9.053876876831055
 online,7.851996898651123
 in,4.780035495758057
 its,8.933967590332031
 entirety,1.2102782726287842
