token,surprisal
por,12.586881637573242
ally,6.395388603210449
 sparse,17.229846954345703
 and,4.301247596740723
 delayed,14.25881576538086
 reward,15.967458724975586
 signals,8.272262573242188
 make,9.047903060913086
 training,9.774413108825684
 an,6.114914417266846
 RL,24.720489501953125
 agent,9.34533977508545
 notoriously,16.463449478149414
 slow,5.908869743347168
 and,2.9807846546173096
 unstable,8.724732398986816
.,0.7846148014068604
