token,surprisal
's,4.376882076263428
 our,8.270011901855469
 little,9.506057739257812
 secret,3.4336016178131104
 .,12.96442985534668
