token,surprisal
 you,6.159511566162109
 ever,1.12614107131958
 met,6.621510028839111
 a,1.4437615871429443
 shark,11.099555015563965
 ?,9.651898384094238
