token,surprisal
 can,7.17508602142334
't,1.2493337392807007
 go,6.847091197967529
 with,6.891929626464844
 that,3.718165159225464
 girl,11.421480178833008
 .,11.224879264831543
