token,surprisal
 was,5.193196773529053
 taken,7.671499252319336
 by,4.283716201782227
 these,14.123456954956055
 divers,13.288032531738281
 .,12.61783504486084
