token,surprisal
're,7.740046977996826
 all,4.538849830627441
 gonna,9.121466636657715
 hate,8.045588493347168
 me,3.29258394241333
.,2.640760898590088
