token,surprisal
 you,6.897131443023682
 can,2.7235381603240967
 call,7.612070083618164
 me,3.034837484359741
 Cam,11.932528495788574
ila,5.8455963134765625
.,2.970546245574951
