token,surprisal
 you,5.947214126586914
 be,3.426557779312134
 interested,4.851653099060059
?,4.992257118225098
