token,surprisal
 it,6.637552261352539
 an,6.686689853668213
 antique,10.907153129577637
?,2.597400426864624
