token,surprisal
" ,",10.116570472717285
 is,8.07768726348877
 that,4.657425880432129
 the,3.769610643386841
 Peace,17.547760009765625
 Restaurant,14.712424278259277
 ?,6.1220173835754395
