token,surprisal
 comes,10.435562133789062
 the,1.152646541595459
 last,5.47938871383667
 course,13.415704727172852
 !,15.179572105407715
