token,surprisal
ancel,14.800935745239258
 alarm,16.905841827392578
 for,6.397970676422119
 4,8.109376907348633
pm,7.149425983428955
