token,surprisal
 me,9.5498628616333
 my,8.51128101348877
 alarm,14.055706977844238
