token,surprisal
 is,6.783024311065674
 the,2.6574976444244385
 next,4.326426982879639
 alarm,12.824485778808594
 set,8.504732131958008
 for,3.6349661350250244
?,4.93405818939209
