token,surprisal
 must,10.835463523864746
 be,2.54935359954834
 so,9.5856294631958
 careful,5.068649768829346
 these,10.514839172363281
 days,0.34452781081199646
