token,surprisal
 shadow,14.212356567382812
 at,8.566028594970703
 morning,12.517191886901855
 str,15.165653228759766
iding,2.810350179672241
 behind,7.871711730957031
 you,1.871603012084961
