token,surprisal
 you,5.933842182159424
 voted,13.22887134552002
.,6.891086578369141
