token,surprisal
 is,4.613132953643799
 a,3.9428651332855225
 place,10.922231674194336
?,4.168830394744873
