token,surprisal
 is,4.613132953643799
 time,11.504741668701172
 mechanism,16.349660873413086
 of,6.770275592803955
 insulin,12.490811347961426
 resistance,1.6129182577133179
?,0.6201322674751282
