token,surprisal
 reply,13.882226943969727
 is,3.0936355590820312
 utterly,12.858190536499023
 inappropriate,8.687475204467773
.,1.465630292892456
