token,surprisal
ic,9.736655235290527
opa,1.749393343925476
 County,1.0516782999038696
 Elections,11.26366901397705
 deleted,17.50255012512207
 their,5.865649700164795
 database,5.681501388549805
