token,surprisal
 ugly,15.774606704711914
 Christmas,14.287081718444824
 swe,8.485383987426758
aters,0.04917582497000694
 went,9.36932373046875
 fast,10.943388938903809
.,2.1130013465881348
