token,surprisal
 might,9.432113647460938
 not,2.9088685512542725
 all,8.838665008544922
 be,0.7645871043205261
 bad,5.45082426071167
 news,2.3028292655944824
.,3.1862120628356934
