token,surprisal
",",2.4437637329101562
 Chinese,12.741881370544434
 naval,12.25849437713623
 maritime,13.050212860107422
 influence,10.836385726928711
 would,6.770495414733887
 penetrate,13.939355850219727
 into,2.7331013679504395
 the,1.6449942588806152
 Indian,3.081062078475952
 Ocean,0.7211968302726746
 until,9.8412504196167
 the,2.3293771743774414
 medieval,18.198543548583984
 period,1.6043604612350464
.,1.421177625656128
