token,surprisal
 is,4.445990562438965
 called,9.156072616577148
 the,2.856559991836548
 observer,15.247296333312988
 effect,4.908639430999756
.,1.481075644493103
