token,surprisal
 reduced,14.941082000732422
 current,12.897147178649902
 flowing,11.098566055297852
 through,2.854670763015747
 the,0.6712823510169983
 line,9.491718292236328
 reduces,8.753759384155273
 the,0.7833250164985657
 heating,11.468177795410156
 losses,7.830926895141602
 in,4.480593204498291
 the,0.5068075060844421
 conduct,12.417526245117188
ors,2.5992801189422607
.,2.1880276203155518
