token,surprisal
 the,4.495871067047119
 little,10.112361907958984
 prince,9.861021995544434
 went,7.255059719085693
 away,4.508934020996094
",",2.1980299949645996
 puzzled,12.912872314453125
.,2.3789138793945312
