token,surprisal
 fifth,12.78758430480957
 planet,10.712275505065918
 was,4.360663890838623
 very,8.04058837890625
 strange,7.607000350952148
.,1.905024528503418
