token,surprisal
ception,12.629170417785645
 staff,11.65551471710205
 friendly,18.43660545349121
 and,3.0176680088043213
 helpful,5.340418815612793
.,1.5314143896102905
