token,surprisal
 film,12.194117546081543
 does,6.585307598114014
 have,3.970146894454956
 its,3.553445339202881
 good,9.513815879821777
 points,1.3602962493896484
.,1.9472150802612305
